INSERT INTO app_role (id, role_name, description) VALUES (1, 'STANDARD_USER', 'Standard User - Has no admin rights');
INSERT INTO app_role (id, role_name, description) VALUES (2, 'ADMIN_USER', 'Admin User - Has permission to perform admin tasks');
INSERT INTO app_role (id, role_name, description) VALUES (3, 'STORE', 'Store - Has no customer rights');
INSERT INTO app_role (id, role_name, description) VALUES (4, 'CUSTOMER', 'Customer - Has no store rights');

-- USER
-- non-encrypted password: jwtpass
INSERT INTO app_user (id, first_name, last_name, password, username) VALUES (1, 'John', 'Doe', '821f498d827d4edad2ed0960408a98edceb661d9f34287ceda2962417881231a', 'john.doe');
INSERT INTO app_user (id, first_name, last_name, password, username) VALUES (2, 'Admin', 'Admin', '821f498d827d4edad2ed0960408a98edceb661d9f34287ceda2962417881231a', 'admin.admin');
INSERT INTO app_user (id, first_name, last_name, password, username) VALUES (3, 'store', 'store', '821f498d827d4edad2ed0960408a98edceb661d9f34287ceda2962417881231a', 'store');
INSERT INTO app_user (id, first_name, last_name, password, username) VALUES (4, 'client', 'client', '821f498d827d4edad2ed0960408a98edceb661d9f34287ceda2962417881231a', 'client');
INSERT INTO app_user (id, first_name, last_name, password, username) VALUES (5, 'share', 'share', '821f498d827d4edad2ed0960408a98edceb661d9f34287ceda2962417881231a', 'share');


INSERT INTO user_role(user_id, role_id) VALUES(1,1);
INSERT INTO user_role(user_id, role_id) VALUES(2,1);
INSERT INTO user_role(user_id, role_id) VALUES(2,2);
INSERT INTO user_role(user_id, role_id) VALUES(3,3);
INSERT INTO user_role(user_id, role_id) VALUES(4,4);
INSERT INTO user_role(user_id, role_id) VALUES(5,3);

-- Populate random city table

INSERT INTO random_city(id, name) VALUES (1, 'Bamako');
INSERT INTO random_city(id, name) VALUES (2, 'Nonkon');
INSERT INTO random_city(id, name) VALUES (3, 'Houston');
INSERT INTO random_city(id, name) VALUES (4, 'Toronto');
INSERT INTO random_city(id, name) VALUES (5, 'New York City');
INSERT INTO random_city(id, name) VALUES (6, 'Mopti');
INSERT INTO random_city(id, name) VALUES (7, 'Koulikoro');
INSERT INTO random_city(id, name) VALUES (8, 'Moscow');
